{"cameraMode":{"drawMode":0,"name":"Shaded","section":"Shading Mode"},"sceneLighting":false,"audioPlay":false,"sceneViewState":{"showFog":true,"showMaterialUpdate":false,"showSkybox":false,"showFlares":true,"showImageEffects":true,"showParticleSystems":true},"in2DMode":false,"pivot":{"x":-0.8322319984436035,"y":0.061034440994262698,"z":6.024806022644043},"rotation":{"x":0.24390776455402375,"y":-0.42187967896461489,"z":0.11854761093854904,"w":0.8656675219535828},"size":3.2573652267456056,"orthographic":false}