{"cameraMode":{"drawMode":0,"name":"Shaded","section":"Shading Mode"},"sceneLighting":true,"audioPlay":false,"sceneViewState":{"showFog":true,"showMaterialUpdate":false,"showSkybox":true,"showFlares":true,"showImageEffects":true,"showParticleSystems":true},"in2DMode":false,"pivot":{"x":-0.7229740619659424,"y":-6.448182106018066,"z":10.51859188079834},"rotation":{"x":0.2925347685813904,"y":-0.06046370044350624,"z":0.013953187502920628,"w":0.9549112915992737},"size":21.170568466186525,"orthographic":false}